InstanceID,NewEIP
9d2973aa-d6d9-4cd2-8208-86e63a408d31,120.92.6.29
ce143ce1-68a0-4e6e-b133-094e086eb8a4,120.92.6.154
69ee23b2-3d85-4aa6-b002-96a17e0dd908,120.92.6.49
e9ad4410-6a81-473a-990d-43c117ca395f,120.92.6.102
c531429e-95cd-497f-b3de-f0350eab9542,120.92.6.179
6d16f1ed-f19c-4817-8e0d-f43a57dbb84b,120.92.6.243
bac5e26d-42f0-4d61-9136-09bf5361eb9d,120.92.6.110
2d0f36c2-6162-4e03-89bb-23c132f5bf4b,120.92.6.43
5fd9f520-d750-4a22-b677-07d94ce44048,120.92.6.147
5f0efc7d-7cf1-4f83-b013-923fbf59cba4,120.92.6.44
f9524105-d6d7-48e8-a108-bc0dd6dbf192,120.92.6.40
bac1c04a-5ead-465a-9828-9116e4d83705,120.92.6.161
1d076e99-53d3-4c0b-a9d1-cc7280372930,120.92.6.139
aec144cf-b4d2-4e37-9b87-287651b1e09b,120.92.6.127
c99f850e-a228-4f44-82d4-a3df9024a110,120.92.6.34
3c186d26-45b7-4082-924a-4dc9d11c2117,120.92.6.200
80adc6fb-d8f3-480a-b2ca-1cabb58897c7,120.92.6.106
95315e86-db31-49d0-a8f8-b55f581afd90,120.92.6.197
a3a66edb-ef52-4ae6-aaae-4c7eeccf3b05,120.92.6.222
63a28379-9e6e-4391-86b7-5401d9339c4c,120.92.6.168
94c4bbf2-1df9-447f-8b26-26968bf7c72e,120.92.6.2
619ca8a7-018e-4c3a-8bbd-2e42beb6bb90,120.92.6.254
f6a13505-4277-4248-8f97-9ba8e772e071,120.92.6.253
d4a6f2f8-3ee1-4efc-9a48-80a7f0da216e,120.92.6.171
f729b7fd-10a4-4215-90a2-6d240b93d89f,120.92.6.169
e9f1edbc-68ce-49e7-833c-52af36bbdf19,120.92.6.247
354e2336-8615-4049-9558-78ed72bca4b5,120.92.6.10
56066b85-5c18-45da-a34e-a1e31ca28047,120.92.6.187
9e2fe968-47ce-4520-b494-c3f1e0686de5,120.92.6.153
9e1f600f-8311-4a0c-b0c5-b03443d827dc,120.92.6.252
18e086d0-2b70-4b2e-9619-3d859ae0d8eb,120.92.6.216
6b4524ac-4725-4eec-8d32-9f11a2c2e162,120.92.6.244
3c7f70a3-4d08-41bd-b2b1-25eb305aeea8,120.92.6.113
30125163-e694-4fcb-819f-f0272c0811dc,120.92.6.126
ca17f716-6f6b-4606-8b71-8bac99498260,120.92.6.184
bde3708f-772c-4f9e-bee6-faeb43443799,120.92.6.16
9c19e39b-5f33-45be-b6e7-8674edcac751,120.92.6.180
bf2b21ac-03c2-4e0e-acd0-1b19731b027f,120.92.6.163
cf6012dc-926d-45b4-9fff-59ebb14bf058,120.92.6.116
9d68d2a0-2326-4556-a01d-e697aaa685b8,120.92.6.229
1770c87d-9ab1-4ea4-858f-6ca5b7626551,120.92.6.199
72277a23-b0d3-440b-89b2-d5da1cc55723,120.92.6.201
29a04aa1-efe8-44de-ac73-031b434cce4b,120.92.6.135
3b5dd4d1-8802-4a5a-a3bf-5c6069bf0025,120.92.6.140
90039a75-89d4-4848-806f-28b1abd70a3a,120.92.6.234
1d35919b-c23a-4c26-ab5d-e2da1e3117fc,120.92.6.103
91826eb1-5945-4d05-b392-a8cd68752251,120.92.6.18
21b0aa26-d16d-49c1-b160-53c6a340282b,120.92.6.221
769743fd-70d5-43cd-94f5-eb083c3c1a6d,120.92.6.165
0c4d165b-fa4c-40fd-a54c-e5c4d384b064,120.92.6.232
8864ac2b-f123-4d1a-b933-7185436b556f,120.92.6.233
04c43c93-04f5-43b4-9804-97f6eb4b6e1e,120.92.6.156
693a6d63-685d-427f-ba37-c6cf64adea28,120.92.6.225
e72a7193-66ce-40f9-9ff0-cd3f8ff2cce1,120.92.6.167
8aae404d-6f47-486d-a98e-9fc5a071ab0e,120.92.6.141
abd3eab4-9239-4b31-8c87-ce7b7e904b02,120.92.6.224
58196d0c-4e47-4ff8-91b2-88a6fb6d40cb,120.92.6.138
92aee5cb-fdf6-4065-ab39-36ce2bd60f18,120.92.6.22
bee5eb70-5bb0-4eab-9795-88f1e5a0d303,120.92.6.202
0043a8a2-b0ac-4375-9cb2-c5a8d8092608,120.92.6.220
5fc221fe-d808-4e9e-b718-40e7e64f0477,120.92.6.207
1d782dd7-195a-4df7-b3e1-39985e20ef5a,120.92.6.21
2f85ae54-47f1-4181-9d6d-b122c1814edb,120.92.6.177
d159fdec-723d-4b55-bfdd-f63bfcde789a,120.92.6.209
f0b6ef47-719e-45f8-b277-b985aa02ba90,120.92.6.100
2b9ec1c7-8e31-4a74-9acc-82ababd30fd4,120.92.6.192
e5bcc784-3a09-4aaa-9e00-36623cbd5a2a,120.92.6.107
a36c0a4b-a89c-46cf-906e-4441c245cd6e,120.92.6.160
c163ebe1-af07-4837-9c81-cfebf18ed2cd,120.92.6.159
a9e320d2-dea5-4a15-9a7f-46c01d393c7f,120.92.6.150
95ab29a6-659a-4726-90ba-cb6cbfce0ccf,120.92.6.129
0b4ede70-8aae-4a1e-9b37-8820a5cd4396,120.92.6.208
1c5a7011-52c1-4b99-8ef5-1dcb90254720,120.92.6.134
05a95c9a-530b-4a1c-8513-d233fc536154,120.92.6.136
1353b34e-19f0-482b-b236-3119ecb5a6e6,120.92.6.11
2619e50e-343e-4e74-8249-365ba7937343,120.92.6.173
bd7e4c2b-7754-468f-8b99-c90ddd5254a9,120.92.6.214
acd5687a-f557-40e2-861c-5c63d2d0eacc,120.92.6.137
caa3b5ba-5de6-4f03-8b89-7789d28e8e79,120.92.6.198
85b59940-e6ed-402a-aefd-ef19844f952a,120.92.6.122
c808fcb5-6532-4932-9f0f-a803e8983c5f,120.92.6.104
62a35674-ec4f-4c78-a107-06420a4d1252,120.92.6.181
77e3fb95-f6e4-422e-a920-955e80cb5165,120.92.6.183
be776cc3-3830-47f3-9bb8-e8d8f7cc4aad,120.92.6.157
c9f37e4d-b9ee-409b-8bd3-f92df9536df8,120.92.6.196
469606f7-04c7-4051-b509-88d475458525,120.92.6.166
0637a68e-d0f3-47be-8a76-7fa3c0a9cb26,120.92.6.174
22a96c77-aa9c-4580-adbd-bcd0c991bfdd,120.92.6.195
d49bc626-0f81-42f9-9d1d-9638d94ae596,120.92.6.175
5d79ef48-b7cc-45cb-9320-9f7099a2a7b1,120.92.6.111
eb004c96-bdf3-4ca6-859d-c2c3795af4c7,120.92.6.145
8de7bb64-da29-45c5-8f45-f7e0b9f44e90,120.92.6.20
56f55437-d844-497e-bf11-3f94526be75e,120.92.6.12
daf54296-360a-4007-bd6b-b44e583b5502,120.92.6.14
fc67acf9-f97d-48c9-8f96-a8754f98cb03,120.92.6.149
2698f91b-aaa4-41cc-9cf0-e2b1ce91a35b,120.92.6.123
79a48ca7-a94b-4979-96fd-1facf3c8b069,120.92.6.143
625214e9-83f2-4f18-9929-1a02256385a3,120.92.6.99